{
  "project_info": {
    "project_number": "143699964700",
    "project_id": "uccdeptimetable",
    "storage_bucket": "uccdeptimetable.appspot.com"
  },
  "client": [
    {
      "client_info": {
        "mobilesdk_app_id": "1:143699964700:android:1a2b979511df560ccbc0d9",
        "android_client_info": {
          "package_name": "com.example.uccdepapp"
        }
      },
      "oauth_client": [],
      "api_key": [
        {
          "current_key": "AIzaSyCdkOkWDESucNLdBN5Pp4Sg6ClS8qPOERM"
        }
      ],
      "services": {
        "appinvite_service": {
          "other_platform_oauth_client": []
        }
      }
    }
  ],
  "configuration_version": "1"
}